Biosample ID	Population code
SAME123273	GBR
SAME123224	GBR
SAME123226	GBR
SAME123054	GBR
SAME124587	GBR
SAME124586	GBR
SAME124960	FIN
SAME124964	FIN
SAME123950	GBR
SAME125160	GBR
SAME125340	GBR
SAME125345	GBR
SAME122875	GBR
SAME122868	GBR
SAME123063	GBR
SAME123068	GBR
SAME123049	GBR
SAME123580	GBR
SAME123577	FIN
SAME123645	FIN
SAME123648	FIN
SAME124126	GBR
SAME124818	GBR
SAME124389	GBR
SAME123422	FIN
SAME122832	FIN
SAME123268	GBR
SAME122991	CHS
SAME122808	CHS
SAME125267	CHS
SAME123915	CHS
SAME124254	PUR
SAME124975	CHS
SAME123115	CHS
SAME123095	CHS
SAME123497	CHS
SAME123033	FIN
SAME125106	CHS
SAME124159	FIN
SAME124337	FIN
SAME124333	FIN
SAME123797	FIN
SAME125255	FIN
SAME124925	FIN
SAME125122	FIN
SAME125123	FIN
SAME123341	CHS
SAME123793	FIN
SAME123987	FIN
SAME123984	FIN
SAME124535	FIN
SAME124750	FIN
SAME122927	CHS
SAME124926	CHS
SAME1840273	CHS
SAME125390	PUR
SAME124663	CHS
SAME124824	CHS
SAME125010	CHS
SAME125007	CHS
SAME123085	CHS
SAME122901	CHS
SAME122902	CHS
SAME123436	PUR
SAME124247	CHS
SAME124456	CHS
SAME124452	CHS
SAME123516	CHS
SAME123058	PUR
SAME1840184	PUR
SAME123952	CDX
SAME123756	CDX
SAME125370	CHS
SAME125198	CHS
SAME1839285	CHS
SAME123891	CHS
SAME123684	CHS
SAME122932	CHS
SAME123769	CDX
SAME125248	PUR
SAME123234	CHS
SAME123605	CHS
SAME123675	PUR
SAME123483	CLM
SAME1840402	CLM
SAME1840127	CLM
SAME124052	CLM
SAME1839690	PUR
SAME124797	PUR
SAME124622	PUR
SAME124621	PUR
SAME123993	PUR
SAME124071	PUR
SAME125398	PUR
SAME125393	PUR
SAME123712	PUR
SAME123658	PUR
SAME1839767	PUR
SAME122826	PUR
SAME124792	PUR
SAME124927	PUR
SAME123654	PUR
SAME122815	CLM
SAME122996	CLM
SAME123000	CLM
SAME1839191	CLM
SAME125065	PUR
SAME125284	CLM
SAME125279	CLM
SAME123884	CLM
SAME123877	CLM
SAME124422	CLM
SAME122925	PUR
SAME123771	PUR
SAME123678	PUR
SAME124687	CLM
SAME124504	CLM
SAME125265	CLM
SAME124076	CLM
SAME1839796	PUR
SAME1839534	PUR
SAME124856	CLM
SAME124138	CLM
SAME124142	CLM
SAME124942	IBS
SAME1839032	CLM
SAME123429	CLM
SAME123539	CLM
SAME1840189	CLM
SAME1840251	CLM
SAME1840048	CLM
SAME122970	CLM
SAME1840234	PUR
SAME1839863	PUR
SAME1839619	PUR
SAME1839260	CLM
SAME124947	IBS
SAME124768	IBS
SAME124766	IBS
SAME124861	CLM
SAME124680	CLM
SAME125238	KHV
SAME123454	IBS
SAME123457	IBS
SAME123627	IBS
SAME123632	IBS
SAME123843	IBS
SAME125323	IBS
SAME125328	IBS
SAME125138	IBS
SAME125134	IBS
SAME123842	IBS
SAME124033	IBS
SAME123110	IBS
SAME124845	IBS
SAME123260	IBS
SAME123253	IBS
SAME123084	IBS
SAME125180	IBS
SAME1839681	IBS
SAME123291	IBS
SAME123284	IBS
SAME124653	IBS
SAME124008	CLM
SAME1840141	CLM
SAME124636	IBS
SAME124631	IBS
SAME124431	IBS
SAME124433	GBR
SAME124221	GBR
SAME124220	CDX
SAME1840343	ACB
SAME1839779	ACB
SAME123235	PEL
SAME123785	PEL
SAME1839109	ACB
SAME122844	ACB
SAME123026	PEL
SAME124302	CDX
SAME124299	CDX
SAME125380	CDX
SAME124521	CDX
SAME123554	KHV
SAME124144	PEL
SAME123977	PEL
SAME123979	PEL
SAME124530	PEL
SAME124323	PEL
SAME124331	PEL
SAME123591	PEL
SAME124151	PEL
SAME123200	KHV
SAME123195	KHV
SAME123400	KHV
SAME123394	KHV
SAME123557	KHV
SAME123535	KHV
SAME1839865	KHV
SAME1839628	ACB
SAME1839697	PEL
SAME1839407	PEL
SAME123620	PEL
SAME123622	ACB
SAME123443	ACB
SAME123446	KHV
SAME125307	KHV
SAME124020	KHV
SAME1839966	KHV
SAME1840035	KHV
SAME1839772	KHV
SAME125247	PEL
SAME1840091	ACB
SAME124741	PEL
SAME124739	PEL
SAME1839538	ACB
SAME1839596	KHV
SAME1839676	KHV
SAME124979	KHV
SAME123873	PEL
SAME123104	KHV
SAME123099	KHV
SAME124825	KHV
SAME1839724	KHV
SAME1839896	KHV
SAME124795	CDX
SAME124415	CDX
SAME123206	CDX
SAME1839994	PEL
SAME124279	PEL
SAME1839535	ACB
SAME1839674	ACB
SAME1840376	PEL
SAME1840177	ACB
SAME123755	PEL
SAME1840019	CDX
SAME1839997	CDX
SAME1839788	CDX
SAME1839754	CDX
SAME125039	CDX
SAME123715	IBS
SAME1839576	IBS
SAME1839374	IBS
SAME123519	IBS
SAME1839446	ACB
SAME1839081	PEL
SAME1839461	CDX
SAME1839207	CDX
SAME1840125	CDX
SAME1840180	CDX
SAME1839332	ACB
SAME1840230	GWD
SAME1839785	GWD
SAME1839751	PJL
SAME1839526	PJL
SAME1839662	PJL
SAME1839384	GWD
SAME1839973	GWD
SAME1839710	ACB
SAME1839858	ACB
SAME1839546	ACB
SAME1839838	GWD
SAME1839567	GWD
SAME1839366	ACB
SAME1839418	GWD
SAME1839199	PJL
SAME1840302	PJL
SAME1840277	PJL
SAME1840259	GWD
SAME1839617	PJL
SAME1839688	ACB
SAME1839150	ACB
SAME1840322	KHV
SAME1840075	ACB
SAME1839036	ACB
SAME1840297	ACB
SAME1840139	GWD
SAME1839947	GWD
SAME1839918	GWD
SAME1839441	ESN
SAME1839837	GWD
SAME1839804	GWD
SAME1839475	GWD
SAME1839471	GWD
SAME1839304	PJL
SAME1839277	PJL
SAME1840384	GWD
SAME1840073	GWD
SAME1839454	GWD
SAME1839254	GWD
SAME1839235	GWD
SAME1839346	GWD
SAME1839737	PJL
SAME1839857	PJL
SAME1839022	PJL
SAME1840288	PJL
SAME1839137	PJL
SAME1840245	BEB
SAME1840060	PJL
SAME1839789	PJL
SAME1839096	ESN
SAME1839068	ESN
SAME1840271	ESN
SAME1839611	GWD
SAME1839635	GWD
SAME1840374	MSL
SAME1840022	ESN
SAME1839760	ESN
SAME1839686	ESN
SAME1839468	ESN
SAME1839496	MSL
SAME1839434	MSL
SAME1839228	MSL
SAME1839812	ESN
SAME1840221	ESN
SAME1839340	MSL
SAME1839038	MSL
SAME1840338	MSL
SAME1839232	PJL
SAME1839360	PJL
SAME1839174	GWD
SAME1840107	MSL
SAME1840123	MSL
SAME1839923	MSL
SAME1840043	MSL
SAME1840303	GWD
SAME1840083	ESN
SAME1840068	ESN
SAME1839921	ESN
SAME1839551	MSL
SAME1839192	ESN
SAME1840392	ESN
SAME1840226	ESN
SAME1840354	ESN
SAME1839900	ESN
SAME1839467	ESN
SAME1839299	MSL
SAME1840190	ESN
SAME1840007	GWD
SAME1839556	MSL
SAME1839643	STU
SAME1839508	PJL
SAME1839458	MSL
SAME1839283	MSL
SAME1839185	BEB
SAME1840229	BEB
SAME1839951	BEB
SAME1839218	PJL
SAME1839020	STU
SAME1840329	STU
SAME1839670	MSL
SAME1839219	ESN
SAME1840150	ESN
SAME1839575	PJL
SAME1839426	BEB
SAME1839459	BEB
SAME1839241	BEB
SAME1839280	STU
SAME1839780	PJL
SAME1839894	STU
SAME1839825	ITU
SAME1840406	ITU
SAME1840344	ITU
SAME1840112	ITU
SAME1840268	STU
SAME1840366	STU
SAME1840135	STU
SAME1840212	ITU
SAME1839912	ITU
SAME1839595	BEB
SAME1839540	BEB
SAME1839405	BEB
SAME1839073	STU
SAME1839369	ITU
SAME1839255	ITU
SAME1839187	STU
SAME1840270	STU
SAME1840021	STU
SAME1839806	STU
SAME1840330	BEB
SAME1840368	STU
SAME1840132	STU
SAME1839851	ITU
SAME1839630	STU
SAME1840158	ITU
SAME1840095	ITU
SAME1839961	ITU
SAME1840239	STU
SAME1840055	ITU
SAME1840077	ITU
SAME1839093	BEB
SAME1839025	BEB
SAME1839216	BEB
SAME1839416	STU
SAME125338	CEU
SAME122860	CEU
SAME124188	CEU
SAME124767	CEU
SAME123571	CEU
SAME124931	CEU
SAME124963	CEU
SAME124342	CEU
SAME124546	CEU
SAME125317	CEU
SAME1839147	ITU
SAME1839936	ITU
SAME1840059	ITU
SAME1839559	STU
SAME1839818	BEB
SAME1839519	ITU
SAME1839379	ITU
SAME1839189	BEB
SAME1840389	BEB
SAME1840036	BEB
SAME1839328	ITU
SAME1839359	ITU
SAME1840274	ITU
SAME124828	CEU
SAME123515	CEU
SAME123872	CEU
SAME124257	CEU
SAME123275	CEU
SAME124384	CEU
SAME125358	CEU
SAME124454	CEU
SAME125263	CEU
SAME124640	CEU
SAME124641	CEU
SAME125157	CEU
SAME123191	CEU
SAME124116	CEU
SAME124935	CEU
SAME125132	CEU
SAME124553	CEU
SAME123045	CEU
SAME122838	CEU
SAME125096	CEU
SAME124955	CEU
SAME125371	CEU
SAME123965	CEU
SAME125144	CEU
SAME122828	CEU
SAME123021	CEU
SAME124888	YRI
SAME123566	YRI
SAME124673	CHB
SAME124098	YRI
SAME124059	YRI
SAME125055	YRI
SAME125060	YRI
SAME124875	CHB
SAME124779	CHB
SAME123222	CHB
SAME123653	CHB
SAME123740	CHB
SAME123735	CHB
SAME123228	CHB
SAME124089	CHB
SAME124092	CHB
SAME123921	CHB
SAME124481	CHB
SAME123774	CHB
SAME124266	CHB
SAME124697	CHB
SAME124694	CHB
SAME122979	CHB
SAME122978	CHB
SAME123916	CHB
SAME124735	YRI
SAME125260	CHB
SAME124106	CHB
SAME124260	JPT
SAME124259	LWK
SAME124851	LWK
SAME123543	LWK
SAME124666	LWK
SAME125118	YRI
SAME124904	YRI
SAME125105	YRI
SAME125108	YRI
SAME125308	YRI
SAME123562	YRI
SAME123403	YRI
SAME123959	JPT
SAME123953	JPT
SAME123764	JPT
SAME123767	JPT
SAME124897	JPT
SAME124890	JPT
SAME124477	JPT
SAME124474	JPT
SAME123203	YRI
SAME124314	JPT
SAME125243	LWK
SAME125027	JPT
SAME123005	JPT
SAME124317	JPT
SAME124111	JPT
SAME124110	JPT
SAME125073	JPT
SAME125070	JPT
SAME125386	YRI
SAME125221	YRI
SAME125219	YRI
SAME124999	YRI
SAME123688	YRI
SAME123500	YRI
SAME123495	YRI
SAME124985	LWK
SAME123449	LWK
SAME123310	LWK
SAME123366	JPT
SAME123172	YRI
SAME123633	YRI
SAME123373	YRI
SAME124605	YRI
SAME124839	YRI
SAME123955	YRI
SAME123838	YRI
SAME122943	YRI
SAME124050	YRI
SAME122987	YRI
SAME122984	YRI
SAME125016	YRI
SAME125231	YRI
SAME125235	YRI
SAME123835	JPT
SAME122817	JPT
SAME122823	JPT
SAME123369	JPT
SAME124887	YRI
SAME123119	LWK
SAME123655	ASW
SAME123442	MXL
SAME123123	MXL
SAME124234	ASW
SAME124449	ASW
SAME124445	MXL
SAME125311	MXL
SAME123637	LWK
SAME124036	LWK
SAME123854	LWK
SAME123849	LWK
SAME122791	MXL
SAME122935	MXL
SAME124231	ASW
SAME123130	MXL
SAME122961	MXL
SAME122795	MXL
SAME124272	LWK
SAME124494	LWK
SAME124491	LWK
SAME123473	LWK
SAME123722	LWK
SAME124341	LWK
SAME125412	LWK
SAME123298	LWK
SAME123294	LWK
SAME124915	LWK
SAME125100	LWK
SAME124470	LWK
SAME123900	ASW
SAME122884	ASW
SAME123617	ASW
SAME124582	ASW
SAME123144	MXL
SAME123153	MXL
SAME123326	MXL
SAME123329	MXL
SAME124692	MXL
SAME124868	MXL
SAME123482	MXL
SAME123898	MXL
SAME124069	MXL
SAME124062	MXL
SAME124719	MXL
SAME123700	MXL
SAME123697	MXL
SAME125030	ASW
SAME125047	ASW
SAME125052	ASW
SAME123943	ASW
SAME124194	ASW
SAME125271	ASW
SAME124710	ASW
SAME124376	ASW
SAME124379	ASW
SAME123603	ASW
SAME123810	ASW
SAME124575	TSI
SAME124571	TSI
SAME123611	TSI
SAME123817	TSI
SAME123820	TSI
SAME124788	ASW
SAME124951	ASW
SAME124358	TSI
SAME124361	TSI
SAME124014	TSI
SAME124172	TSI
SAME124163	TSI
SAME125148	TSI
SAME124397	ASW
SAME124407	ASW
SAME124595	ASW
SAME124597	ASW
SAME124558	TSI
SAME123179	TSI
SAME124018	TSI
SAME125364	TSI
SAME125361	TSI
SAME125190	TSI
SAME125094	TSI
SAME124363	TSI
SAME124370	TSI
SAME122866	TSI
SAME124173	TSI
SAME123077	TSI
SAME122893	TSI
SAME124511	GIH
SAME123878	GIH
SAME123668	GIH
SAME123141	GIH
SAME123597	GIH
SAME123594	GIH
SAME124531	GIH
SAME124434	GIH
SAME124181	GIH
SAME123585	GIH
SAME124028	GIH
SAME122919	GIH
SAME122918	GIH
SAME123139	GIH
SAME123323	GIH
SAME123324	GIH
SAME124441	GIH
SAME123246	GIH
SAME123804	GIH
SAME123809	GIH
SAME124025	GIH
SAME124038	GIH
SAME125151	GBR
SAME125161	GBR
SAME125339	GBR
SAME125344	GBR
SAME122876	GBR
SAME122871	GBR
SAME124594	GBR
SAME124585	GBR
SAME124780	GBR
SAME124957	FIN
SAME123067	GBR
SAME123060	GBR
SAME124395	GBR
SAME124390	GBR
SAME124122	GBR
SAME123223	GBR
SAME123220	GBR
SAME123050	GBR
SAME123056	GBR
SAME123583	GBR
SAME123576	FIN
SAME123794	FIN
SAME123798	FIN
SAME123986	FIN
SAME123983	FIN
SAME123419	FIN
SAME123425	FIN
SAME122831	FIN
SAME124923	FIN
SAME125121	FIN
SAME125125	FIN
SAME122836	FIN
SAME124336	FIN
SAME123640	FIN
SAME123342	CHS
SAME123361	CHS
SAME123522	CHS
SAME123395	CHS
SAME124353	CHS
SAME124343	CHS
SAME124253	PUR
SAME124829	CHS
SAME125009	CHS
SAME125006	CHS
SAME122992	CHS
SAME122807	CHS
SAME125261	CHS
SAME124746	FIN
SAME123030	FIN
SAME123156	CHS
SAME124190	CHS
SAME123885	CHS
SAME125159	CHS
SAME123496	CHS
SAME125369	CHS
SAME125199	CHS
SAME125194	CHS
SAME1839278	CHS
SAME124258	CHS
SAME124537	FIN
SAME124540	FIN
SAME123550	CDX
SAME123399	CDX
SAME123540	CDX
SAME124319	CDX
SAME123770	CDX
SAME123523	CDX
SAME123728	CDX
SAME123169	PUR
SAME123180	PUR
SAME123251	CHS
SAME123241	CHS
SAME123606	CHS
SAME123079	CHS
SAME122903	CHS
SAME123650	PUR
SAME123435	PUR
SAME123890	CHS
SAME123893	CHS
SAME123161	CHS
SAME123042	PUR
SAME1840188	PUR
SAME125020	CDX
SAME124458	CDX
SAME122928	CHS
SAME125334	CHS
SAME123112	CHS
SAME1840267	CHS
SAME124070	PUR
SAME123013	PUR
SAME125395	PUR
SAME125394	PUR
SAME123638	PUR
SAME123014	PUR
SAME122997	PUR
SAME123490	PUR
SAME123677	PUR
SAME1840027	PUR
SAME1840002	PUR
SAME123533	GBR
SAME124859	CLM
SAME124688	CLM
SAME122855	CLM
SAME124508	CLM
SAME1840339	CLM
SAME124288	CLM
SAME124796	PUR
SAME124623	PUR
SAME124618	PUR
SAME124789	PUR
SAME123674	PUR
SAME123484	CLM
SAME124054	CLM
SAME1839257	CLM
SAME122998	CLM
SAME122999	CLM
SAME123888	CLM
SAME124425	CLM
SAME124860	CLM
SAME124685	CLM
SAME125283	CLM
SAME125288	CLM
SAME124783	PUR
SAME124366	PUR
SAME1839879	PJL
SAME1839634	PJL
SAME125239	KHV
SAME123455	IBS
SAME122969	CLM
SAME122972	CLM
SAME122804	CLM
SAME1839954	PUR
SAME123238	CLM
SAME1839099	CLM
SAME1840278	CLM
SAME122879	CLM
SAME124137	CLM
SAME124134	CLM
SAME124941	IBS
SAME124009	CLM
SAME124565	PEL
SAME124350	PEL
SAME125327	IBS
SAME125330	IBS
SAME125136	IBS
SAME125135	IBS
SAME122881	CLM
SAME1840047	CLM
SAME1839239	CLM
SAME124946	IBS
SAME124769	IBS
SAME124772	IBS
SAME124427	IBS
SAME124222	GBR
SAME124217	CDX
SAME124657	IBS
SAME124844	IBS
SAME1839210	IBS
SAME123259	IBS
SAME123264	IBS
SAME123458	IBS
SAME123626	IBS
SAME123631	IBS
SAME123844	IBS
SAME123839	IBS
SAME124032	IBS
SAME123111	IBS
SAME123290	IBS
SAME124300	CDX
SAME124519	CDX
SAME124524	CDX
SAME123551	KHV
SAME124637	IBS
SAME124632	IBS
SAME123558	KHV
SAME123751	KHV
SAME123754	KHV
SAME123201	KHV
SAME123287	IBS
SAME124654	IBS
SAME124987	IBS
SAME123619	PEL
SAME123621	PEL
SAME123444	ACB
SAME123447	KHV
SAME124917	PEL
SAME1840099	ACB
SAME124742	PEL
SAME124740	PEL
SAME1840348	ACB
SAME1839853	ACB
SAME123788	PEL
SAME124155	PEL
SAME123980	PEL
SAME1839343	ACB
SAME123782	PEL
SAME123588	PEL
SAME124150	PEL
SAME1839067	PEL
SAME124328	PEL
SAME124332	PEL
SAME122845	ACB
SAME122851	ACB
SAME123029	ACB
SAME125318	KHV
SAME1839777	KHV
SAME123196	KHV
SAME123995	KHV
SAME1839579	IBS
SAME1839649	IBS
SAME1839376	IBS
SAME123520	IBS
SAME1839268	CDX
SAME1839922	ACB
SAME1839990	KHV
SAME123475	KHV
SAME1839904	KHV
SAME1839872	KHV
SAME124973	KHV
SAME124821	PEL
SAME124650	PEL
SAME123874	PEL
SAME1839543	ACB
SAME125319	KHV
SAME1839679	KHV
SAME124614	KHV
SAME1839700	PEL
SAME1839337	ACB
SAME1839128	PEL
SAME124794	CDX
SAME124207	CDX
SAME124414	CDX
SAME123208	CDX
SAME123215	CDX
SAME123105	KHV
SAME123108	KHV
SAME1840306	PEL
SAME1840362	PEL
SAME1840094	ACB
SAME122912	PEL
SAME1839391	ACB
SAME1839521	ACB
SAME1839315	ACB
SAME1839296	ACB
SAME1840284	CDX
SAME1840261	CDX
SAME1840379	CDX
SAME1840244	CDX
SAME1839625	PJL
SAME1839334	ACB
SAME1839978	GWD
SAME1839741	ACB
SAME1839717	ACB
SAME1839934	PEL
SAME1839913	PEL
SAME124280	PEL
SAME1839842	CDX
SAME1839412	CDX
SAME1839464	CDX
SAME1839244	ACB
SAME1840025	CDX
SAME1839998	CDX
SAME123305	CDX
SAME1839175	ACB
SAME1840341	ACB
SAME1839740	PJL
SAME1839715	PJL
SAME1839886	PJL
SAME1839860	PJL
SAME1839530	PJL
SAME1839590	PJL
SAME1839667	PJL
SAME1839386	GWD
SAME1840282	PJL
SAME1840401	GWD
SAME1840182	GWD
SAME1840238	GWD
SAME1840023	GWD
SAME1839792	GWD
SAME1839477	GWD
SAME1839286	PJL
SAME1840326	KHV
SAME1840214	ACB
SAME1839932	ACB
SAME1840057	ACB
SAME1839642	ACB
SAME1839142	PJL
SAME1840159	PJL
SAME1839401	GWD
SAME1839841	GWD
SAME1839591	GWD
SAME1839422	GWD
SAME1839352	GWD
SAME1840009	GWD
SAME1840242	BEB
SAME1840053	PJL
SAME1840415	PJL
SAME1840387	GWD
SAME1839028	PJL
SAME1840292	PJL
SAME1839284	ESN
SAME1840275	ESN
SAME1840320	GWD
SAME1840171	GWD
SAME1840255	ESN
SAME1840223	ESN
SAME1840147	GWD
SAME1839357	PJL
SAME1839295	PJL
SAME1839053	GWD
SAME1839168	GWD
SAME1839907	ESN
SAME1839563	ESN
SAME1839683	ESN
SAME1839148	ESN
SAME1840386	ESN
SAME1839375	ESN
SAME1839083	ESN
SAME1839711	GWD
SAME1839653	GWD
SAME1839984	ESN
SAME1839919	ESN
SAME1839226	MSL
SAME1840146	ESN
SAME1840316	MSL
SAME1840296	GWD
SAME1840167	ESN
SAME1839861	ESN
SAME1840066	ESN
SAME1839743	MSL
SAME1839569	MSL
SAME1839206	ESN
SAME1840350	ESN
SAME1840249	ESN
SAME1840169	ESN
SAME1840186	ESN
SAME1839623	MSL
SAME1839474	MSL
SAME1840120	MSL
SAME1839766	MSL
SAME1839490	ESN
SAME1839594	MSL
SAME1839400	MSL
SAME1839621	PJL
SAME1839641	STU
SAME1839505	PJL
SAME1840032	PJL
SAME1839773	PJL
SAME1839815	ITU
SAME1840064	PJL
SAME1839571	PJL
SAME1839664	ITU
SAME1839695	ITU
SAME1839251	STU
SAME1839236	MSL
SAME1839271	MSL
SAME1839181	BEB
SAME1840254	BEB
SAME1840365	STU
SAME1840128	STU
SAME1839553	MSL
SAME1839421	MSL
SAME1839456	BEB
SAME1839341	BEB
SAME1840210	ITU
SAME1840237	ITU
SAME1839928	BEB
SAME1839131	PJL
SAME1840398	ITU
SAME1840340	ITU
SAME1840013	STU
SAME1839906	STU
SAME1839476	STU
SAME1839554	BEB
SAME1839200	STU
SAME1839062	STU
SAME1839105	STU
SAME1840156	ITU
SAME1840087	ITU
SAME1840205	ITU
SAME1840283	STU
SAME1839503	BEB
SAME1839203	STU
SAME1839221	STU
SAME1839094	ITU
SAME1839031	ITU
SAME1839140	ITU
SAME1840381	BEB
SAME1840098	BEB
SAME1839323	BEB
SAME1840305	BEB
SAME1840233	STU
SAME1840181	STU
SAME1840072	ITU
SAME1839735	ITU
SAME1840211	ITU
SAME1839536	STU
SAME1840361	STU
SAME1840129	STU
SAME1839279	BEB
SAME1839696	ITU
SAME1839487	STU
SAME1839605	STU
SAME1839408	STU
SAME123964	CEU
SAME125142	CEU
SAME123213	CEU
SAME124764	CEU
SAME124934	CEU
SAME124555	CEU
SAME123046	CEU
SAME125095	CEU
SAME123573	CEU
SAME123570	CEU
SAME123412	CEU
SAME124549	CEU
SAME124545	CEU
SAME124754	CEU
SAME124929	CEU
SAME1839835	ITU
SAME1839447	ITU
SAME1839753	BEB
SAME125331	CEU
SAME1839048	ITU
SAME124827	CEU
SAME124646	CEU
SAME125109	CEU
SAME124472	CEU
SAME124193	CEU
SAME124057	CEU
SAME124777	CEU
SAME123911	CEU
SAME122827	CEU
SAME123024	CEU
SAME123025	CEU
SAME125290	CEU
SAME123416	CEU
SAME124959	CEU
SAME125372	CEU
SAME125249	CEU
SAME124889	YRI
SAME123565	YRI
SAME124672	CHB
SAME124642	CEU
SAME123946	CEU
SAME124589	CEU
SAME124058	YRI
SAME124991	YRI
SAME125059	YRI
SAME123390	CEU
SAME124099	YRI
SAME124482	CHB
SAME124485	CHB
SAME124265	CHB
SAME123407	YRI
SAME123202	YRI
SAME124309	JPT
SAME124704	CHB
SAME124693	CHB
SAME122980	CHB
SAME122975	CHB
SAME124731	YRI
SAME124905	YRI
SAME123536	YRI
SAME125043	CHB
SAME124509	CHB
SAME125250	CHB
SAME125107	YRI
SAME123404	YRI
SAME123741	CHB
SAME123905	CHB
SAME124262	CHB
SAME123928	CHB
SAME124073	CHB
SAME124734	YRI
SAME123713	CHB
SAME124876	CHB
SAME125034	CHB
SAME123365	JPT
SAME123173	YRI
SAME123168	YRI
SAME125401	YRI
SAME125389	YRI
SAME124914	YRI
SAME124512	JPT
SAME124854	LWK
SAME124848	LWK
SAME123544	LWK
SAME124664	LWK
SAME123759	JPT
SAME123426	JPT
SAME125069	JPT
SAME124894	JPT
SAME124316	JPT
SAME124112	JPT
SAME124107	JPT
SAME123958	JPT
SAME125242	LWK
SAME125028	JPT
SAME125023	JPT
SAME124891	JPT
SAME124473	JPT
SAME125133	JPT
SAME123008	JPT
SAME122824	JPT
SAME125313	JPT
SAME123963	JPT
SAME123768	JPT
SAME123682	YRI
SAME124707	YRI
SAME124981	LWK
SAME123309	LWK
SAME124049	YRI
SAME122990	YRI
SAME122983	YRI
SAME124609	YRI
SAME124606	YRI
SAME124838	YRI
SAME125384	YRI
SAME125218	YRI
SAME125000	YRI
SAME125021	YRI
SAME125230	YRI
SAME124075	LWK
SAME125111	LWK
SAME124469	LWK
SAME124273	LWK
SAME124493	LWK
SAME124490	LWK
SAME123636	LWK
SAME123438	LWK
SAME124569	LWK
SAME123274	LWK
SAME124882	YRI
SAME123861	YRI
SAME122796	MXL
SAME122938	MXL
SAME122939	MXL
SAME124232	ASW
SAME123120	LWK
SAME123307	MXL
SAME124976	MXL
SAME124448	ASW
SAME124444	MXL
SAME124118	MXL
SAME124726	MXL
SAME123699	MXL
SAME123696	MXL
SAME124689	MXL
SAME124778	MXL
SAME124872	MXL
SAME124980	MXL
SAME122960	MXL
SAME122792	MXL
SAME123896	MXL
SAME124068	MXL
SAME124065	MXL
SAME123850	LWK
SAME123847	LWK
SAME122949	LWK
SAME125413	LWK
SAME124785	ASW
SAME124002	ASW
SAME124362	TSI
SAME124561	TSI
SAME123178	TSI
SAME124019	TSI
SAME124015	TSI
SAME124579	ASW
SAME124373	ASW
SAME124380	ASW
SAME123145	MXL
SAME123148	MXL
SAME123328	MXL
SAME124398	ASW
SAME124401	ASW
SAME124601	ASW
SAME122885	ASW
SAME123613	ASW
SAME124581	ASW
SAME125274	ASW
SAME124711	ASW
SAME124287	ASW
SAME124676	ASW
SAME125053	ASW
SAME123806	ASW
SAME124197	ASW
SAME125146	TSI
SAME123474	TSI
SAME123481	TSI
SAME124178	TSI
SAME125117	TSI
SAME124364	TSI
SAME124367	TSI
SAME123432	GIH
SAME123248	GIH
SAME123249	GIH
SAME123807	GIH
SAME123808	GIH
SAME125224	TSI
SAME125359	TSI
SAME123069	TSI
SAME124574	TSI
SAME123819	TSI
SAME125186	TSI
SAME123076	TSI
SAME124171	TSI
SAME124168	TSI
SAME124525	GIH
SAME123109	GIH
SAME123664	GIH
SAME122841	GIH
SAME123595	GIH
SAME123359	GIH
SAME123322	GIH
SAME123319	GIH
SAME124440	GIH
SAME124437	GIH
SAME122920	GIH
SAME122915	GIH
SAME124182	GIH
SAME124185	GIH
SAME124024	GIH
SAME124023	GIH
SAME125348	GBR
SAME122873	GBR
SAME122872	GBR
SAME123062	GBR
SAME123947	GBR
SAME125343	GBR
SAME123271	GBR
SAME123945	GBR
SAME124593	GBR
SAME124590	GBR
SAME124961	FIN
SAME124956	FIN
SAME123642	FIN
SAME123641	FIN
SAME123856	FIN
SAME124123	GBR
SAME123051	GBR
SAME123057	GBR
SAME123582	GBR
SAME123579	GBR
SAME123795	FIN
SAME123799	FIN
SAME123985	FIN
SAME123982	FIN
SAME123420	FIN
SAME123423	FIN
SAME122835	FIN
SAME123059	GBR
SAME124396	GBR
SAME124391	GBR
SAME1840118	FIN
SAME124160	FIN
SAME124339	FIN
SAME124130	GBR
SAME123219	GBR
SAME124924	FIN
SAME123343	CHS
SAME123334	CHS
SAME123362	CHS
SAME123526	CHS
SAME123242	CHS
SAME125268	CHS
SAME124345	CHS
SAME124086	CHS
SAME124252	PUR
SAME125373	CHS
SAME125195	CHS
SAME125193	CHS
SAME123082	CHS
SAME122812	CHS
SAME125262	CHS
SAME124920	CHS
SAME124745	FIN
SAME123031	FIN
SAME123159	CHS
SAME123971	CHS
SAME124830	CHS
SAME124200	CHS
SAME125167	CHS
SAME125127	FIN
SAME124538	FIN
SAME124541	FIN
SAME124749	FIN
SAME125005	CHS
SAME1839802	CHS
SAME123252	CHS
SAME123255	CHS
SAME123814	CHS
SAME123604	CHS
SAME123078	CHS
SAME123652	PUR
SAME123434	PUR
SAME123892	CHS
SAME123686	CHS
SAME123549	CDX
SAME123524	CDX
SAME123166	PUR
SAME123663	PUR
SAME122821	PUR
SAME124294	PUR
SAME124095	PUR
SAME125333	PUR
SAME125391	PUR
SAME1839489	PUR
SAME122924	PUR
SAME123676	PUR
SAME123016	PUR
SAME125113	PUR
SAME124833	PUR
SAME122933	CHS
SAME122940	CHS
SAME124295	PUR
SAME125057	PUR
SAME125282	CLM
SAME125287	CLM
SAME123673	PUR
SAME123485	CLM
SAME124053	CLM
SAME1839985	CLM
SAME123889	CLM
SAME124424	CLM
SAME124216	CLM
SAME124863	CLM
SAME124686	CLM
SAME124681	CLM
SAME1839707	PUR
SAME124798	PUR
SAME124619	PUR
SAME1839124	CLM
SAME124289	CLM
SAME1840038	PUR
SAME1839598	PUR
SAME123002	CLM
SAME125228	PUR
SAME122971	CLM
SAME122805	CLM
SAME1840207	PUR
SAME124945	IBS
SAME124940	IBS
SAME124770	IBS
SAME124773	IBS
SAME125226	KHV
SAME123456	KHV
SAME123459	IBS
SAME124564	PEL
SAME124347	PEL
SAME124351	PEL
SAME123972	CLM
SAME124140	CLM
SAME124133	CLM
SAME1839867	PUR
SAME124972	CLM
SAME125322	IBS
SAME125329	IBS
SAME125137	IBS
SAME122882	CLM
SAME123236	CLM
SAME124218	CDX
SAME124227	CDX
SAME124307	CDX
SAME123840	IBS
SAME123836	IBS
SAME124035	IBS
SAME123116	IBS
SAME1839665	IBS
SAME124638	IBS
SAME124633	IBS
SAME124426	IBS
SAME123286	IBS
SAME123293	IBS
SAME124655	IBS
SAME124658	IBS
SAME123625	IBS
SAME123630	IBS
SAME124988	IBS
SAME124812	IBS
SAME123555	KHV
SAME123750	KHV
SAME123748	KHV
SAME124303	CDX
SAME123552	KHV
SAME1839214	IBS
SAME123262	IBS
SAME123263	IBS
SAME124154	PEL
SAME123974	PEL
SAME1839349	ACB
SAME1839076	ACB
SAME123618	PEL
SAME123448	ACB
SAME123450	KHV
SAME123784	PEL
SAME123589	PEL
SAME123592	PEL
SAME124149	PEL
SAME1840105	PEL
SAME1840166	ACB
SAME124743	PEL
SAME125171	KHV
SAME125315	KHV
SAME1839803	KHV
SAME1839145	PEL
SAME124329	PEL
SAME124324	PEL
SAME1840349	ACB
SAME1839757	ACB
SAME123787	PEL
SAME122848	ACB
SAME122852	ACB
SAME123028	ACB
SAME123197	KHV
SAME123192	KHV
SAME123398	KHV
SAME124962	KHV
SAME124820	KHV
SAME124651	PEL
SAME1839064	ACB
SAME1840201	ACB
SAME123660	KHV
SAME124611	KHV
SAME1839613	PEL
SAME1839319	PEL
SAME1839134	PEL
SAME1839110	PEL
SAME1839545	ACB
SAME124146	KHV
SAME1839658	KHV
SAME123216	CDX
SAME125040	CDX
SAME1839584	IBS
SAME123375	KHV
SAME123102	KHV
SAME124913	KHV
SAME123478	KHV
SAME123476	KHV
SAME1839875	KHV
SAME1839383	IBS
SAME123521	IBS
SAME124791	CDX
SAME124208	CDX
SAME1839043	PEL
SAME1840404	ACB
SAME1840138	ACB
SAME1840309	PEL
SAME1840367	PEL
SAME1840096	ACB
SAME122914	PEL
SAME1839845	CDX
SAME1839415	CDX
SAME1839394	CDX
SAME1839320	ACB
SAME1839698	PJL
SAME1839272	ACB
SAME1839133	KHV
SAME1839943	PEL
SAME1839856	PEL
SAME1839684	PEL
SAME1839063	PEL
SAME1840269	CDX
SAME1840113	CDX
SAME1840247	CDX
SAME1840217	CDX
SAME1840033	CDX
SAME1840001	CDX
SAME1839656	ACB
SAME1839091	ACB
SAME1839744	ACB
SAME1839084	PJL
SAME1839149	PJL
SAME1839981	GWD
SAME1840287	PJL
SAME1840405	GWD
SAME1840327	KHV
SAME1839939	ACB
SAME1840061	ACB
SAME1839292	PJL
SAME1839355	PJL
SAME1839722	PJL
SAME1839866	PJL
SAME1839429	GWD
SAME1839404	GWD
SAME1839204	GWD
SAME1839597	PJL
SAME1839672	PJL
SAME1840031	GWD
SAME1839770	GWD
SAME1839577	GWD
SAME1840416	PJL
SAME1840081	GWD
SAME1840108	ESN
SAME1840260	ESN
SAME1840015	GWD
SAME1839924	BEB
SAME1839799	GWD
SAME1839330	GWD
SAME1840355	GWD
SAME1840178	GWD
SAME1839100	PJL
SAME1839169	PJL
SAME1840298	PJL
SAME1839445	GWD
SAME1839819	GWD
SAME1839428	GWD
SAME1839082	ESN
SAME1839289	PJL
SAME1839050	GWD
SAME1839029	MSL
SAME1839051	MSL
SAME1840310	MSL
SAME1840331	MSL
SAME1839118	ESN
SAME1839143	ESN
SAME1840407	ESN
SAME1839514	MSL
SAME1839830	ESN
SAME1839557	ESN
SAME1839937	ESN
SAME1839602	ESN
SAME1839647	GWD
SAME1839373	ESN
SAME1839687	MSL
SAME1839618	MSL
SAME1839469	MSL
SAME1839808	MSL
SAME1839196	PJL
SAME1840163	ESN
SAME1839881	ESN
SAME1839485	ESN
SAME1840409	MSL
SAME1839979	MSL
SAME1840195	ESN
SAME1839716	ESN
SAME1839636	MSL
SAME1839638	STU
SAME1839396	PJL
SAME1839382	STU
SAME1839473	STU
SAME1839248	STU
SAME1839317	PJL
SAME1839338	PJL
SAME1840337	STU
SAME1840375	STU
SAME1840029	PJL
SAME1839809	ITU
SAME1839719	PJL
SAME1839364	MSL
SAME1839171	BEB
SAME1839194	BEB
SAME1840248	BEB
SAME1839883	MSL
SAME1840227	ITU
SAME1839989	ITU
SAME1839212	BEB
SAME1839316	BEB
SAME1839527	BEB
SAME1839552	BEB
SAME1839419	BEB
SAME1840393	ITU
SAME1840005	STU
SAME1839898	STU
SAME1839195	STU
SAME1839314	STU
SAME1839089	STU
SAME1839172	STU
SAME1840301	STU
SAME1839450	BEB
SAME1840202	ITU
SAME1839748	ITU
SAME1839601	STU
SAME1839506	STU
SAME1839126	ITU
SAME1840399	BEB
SAME1840092	BEB
SAME1840378	STU
SAME1839775	STU
SAME1839847	ITU
SAME1839691	ITU
SAME1839042	BEB
SAME1839728	ITU
SAME1840054	ITU
SAME124762	CEU
SAME124930	CEU
SAME125336	CEU
SAME124548	CEU
SAME124547	CEU
SAME124755	CEU
SAME124757	CEU
SAME123211	CEU
SAME123415	CEU
SAME1839511	ITU
SAME1839325	ITU
SAME1839165	STU
SAME1839977	BEB
SAME1840012	BEB
SAME1839756	BEB
SAME125139	CEU
SAME124933	CEU
SAME124937	CEU
SAME125130	CEU
SAME122863	CEU
SAME123568	CEU
SAME124249	CEU
SAME123023	CEU
SAME123020	CEU
SAME125075	CEU
SAME123541	CEU
SAME123389	CEU
SAME124100	YRI
SAME123531	CEU
SAME125068	CEU
SAME125156	CEU
SAME125163	CEU
SAME124386	CEU
SAME124055	CEU
SAME123912	CEU
SAME124277	YRI
SAME123386	YRI
SAME125062	YRI
SAME124466	CEU
SAME124471	CEU
SAME124158	CEU
SAME123256	CEU
SAME124883	YRI
SAME124483	CHB
SAME124486	CHB
SAME124268	CHB
SAME123917	CHB
SAME123914	CHB
SAME123727	CHB
SAME124990	CHB
SAME124733	YRI
SAME124730	YRI
SAME123205	YRI
SAME123040	YRI
SAME123035	YRI
SAME124308	JPT
SAME125104	YRI
SAME123561	YRI
SAME123401	YRI
SAME123408	YRI
SAME124261	CHB
SAME124087	CHB
SAME124090	CHB
SAME123927	CHB
SAME123924	CHB
SAME123737	CHB
SAME123742	CHB
SAME123720	CHB
SAME125042	CHB
SAME124510	CHB
SAME125253	CHB
SAME124703	CHB
SAME124906	YRI
SAME124902	YRI
SAME125099	YRI
SAME124700	CHB
SAME122976	CHB
SAME124879	CHB
SAME125037	CHB
SAME123364	JPT
SAME123649	JPT
SAME123174	JPT
SAME123662	YRI
SAME124804	YRI
SAME124544	YRI
SAME124911	YRI
SAME125241	LWK
SAME124292	LWK
SAME125024	JPT
SAME123007	JPT
SAME124313	JPT
SAME124108	JPT
SAME124115	JPT
SAME123957	JPT
SAME123527	JPT
SAME123413	JPT
SAME124983	JPT
SAME124898	JPT
SAME124480	JPT
SAME123989	JPT
SAME123962	JPT
SAME123761	JPT
SAME123760	JPT
SAME123011	JPT
SAME122822	JPT
SAME122818	JPT
SAME124850	LWK
SAME124610	YRI
SAME124613	YRI
SAME124835	YRI
SAME124716	YRI
SAME123757	YRI
SAME125217	YRI
SAME125001	YRI
SAME123681	YRI
SAME125309	YRI
SAME122989	YRI
SAME122986	YRI
SAME124211	YRI
SAME124421	YRI
SAME123858	YRI
SAME125013	YRI
SAME125022	YRI
SAME125229	YRI
SAME124274	LWK
SAME124489	LWK
SAME124498	LWK
SAME124753	LWK
SAME124570	LWK
SAME123723	LWK
SAME123316	LWK
SAME122854	LWK
SAME125116	LWK
SAME122797	MXL
SAME122937	MXL
SAME122942	MXL
SAME124233	ASW
SAME123300	LWK
SAME123117	LWK
SAME123128	MXL
SAME124235	ASW
SAME124447	ASW
SAME124451	MXL
SAME123848	LWK
SAME122951	LWK
SAME122948	LWK
SAME124690	MXL
SAME124701	MXL
SAME124870	MXL
SAME124729	MXL
SAME123698	MXL
SAME123695	MXL
SAME123131	MXL
SAME122959	MXL
SAME123897	MXL
SAME124064	MXL
SAME125414	LWK
SAME125409	LWK
SAME123998	ASW
SAME124196	ASW
SAME124201	ASW
SAME124399	ASW
SAME125273	ASW
SAME125276	ASW
SAME124712	ASW
SAME123902	ASW
SAME124677	ASW
SAME125051	ASW
SAME124061	MXL
SAME123146	MXL
SAME123149	MXL
SAME124402	ASW
SAME124600	ASW
SAME124786	ASW
SAME124560	TSI
SAME124557	TSI
SAME124016	TSI
SAME123614	ASW
SAME124578	ASW
SAME124359	TSI
SAME124374	ASW
SAME124377	ASW
SAME124577	TSI
SAME123607	TSI
SAME123815	TSI
SAME123818	TSI
SAME125149	TSI
SAME122859	TSI
SAME122864	TSI
SAME124177	TSI
SAME125187	TSI
SAME123073	TSI
SAME123071	TSI
SAME123431	GIH
SAME124514	GIH
SAME125305	GIH
SAME123670	GIH
SAME123665	GIH
SAME124011	TSI
SAME124170	TSI
SAME124167	TSI
SAME125367	TSI
SAME122813	TSI
SAME125192	TSI
SAME124176	TSI
SAME124368	TSI
SAME124371	TSI
SAME122842	GIH
SAME123598	GIH
SAME123243	GIH
SAME123207	GIH
SAME124031	GIH
SAME124022	GIH
SAME123834	GIH
SAME123829	GIH
SAME123344	GIH
SAME122916	GIH
SAME122923	GIH
SAME123101	GIH
SAME123142	GIH
SAME123321	GIH
SAME124436	GIH
SAME124443	GIH
SAME124179	GIH
SAME124186	GIH
SAME123272	GBR
SAME125153	GBR
SAME1839246	FIN
SAME1839057	FIN
SAME124161	FIN
SAME124338	FIN
SAME124335	FIN
SAME123066	GBR
SAME124392	GBR
SAME124387	GBR
SAME123643	FIN
SAME123646	FIN
SAME124127	GBR
SAME124131	GBR
SAME123221	GBR
SAME123218	GBR
SAME123052	GBR
SAME123047	GBR
SAME123578	GBR
SAME123948	GBR
SAME125342	GBR
SAME125347	GBR
SAME122874	GBR
SAME122869	GBR
SAME123061	GBR
SAME123575	FIN
SAME123417	FIN
SAME123424	FIN
SAME124592	GBR
SAME123276	GBR
SAME123338	CHS
SAME123335	CHS
SAME124617	CHS
SAME123363	CHS
SAME123525	CHS
SAME123724	CHS
SAME124752	FIN
SAME123034	FIN
SAME123158	CHS
SAME1840026	CHS
SAME122810	CHS
SAME122811	CHS
SAME124912	CHS
SAME125381	CHS
SAME124344	CHS
SAME122857	CHS
SAME122856	PUR
SAME124453	CHS
SAME123530	CHS
SAME124831	CHS
SAME125126	FIN
SAME124539	FIN
SAME124542	FIN
SAME124748	FIN
SAME123991	FIN
SAME124922	FIN
SAME125264	FIN
SAME125120	FIN
SAME123791	FIN
SAME123981	FIN
SAME124953	CHS
SAME125269	CHS
SAME122934	CHS
SAME122929	CHS
SAME125399	PUR
SAME123966	CHS
SAME123233	CHS
SAME123813	CHS
SAME125196	CHS
SAME123081	CHS
SAME123080	CHS
SAME1840076	CHS
SAME123154	CHS
SAME123165	CHS
SAME1839151	CHS
SAME123710	PUR
SAME124866	PUR
SAME1840086	PUR
SAME123015	PUR
SAME125012	CHS
SAME1839713	CHS
SAME125368	PUR
SAME124834	PUR
SAME124727	CDX
SAME123167	CDX
SAME123001	CLM
SAME123004	CLM
SAME1839107	CLM
SAME1839176	PUR
SAME125063	PUR
SAME125058	PUR
SAME125281	CLM
SAME125286	CLM
SAME124298	PUR
SAME124237	PUR
SAME1840109	PUR
SAME124296	PUR
SAME123669	PUR
SAME123486	PUR
SAME1839432	PUR
SAME123776	PUR
SAME123672	PUR
SAME1839615	PUR
SAME124624	PUR
SAME124616	PUR
SAME124091	PUR
SAME1839581	PUR
SAME125392	PUR
SAME1839995	CLM
SAME123886	CLM
SAME1839731	CLM
SAME1839604	PUR
SAME1839703	PUR
SAME124971	CLM
SAME123237	CLM
SAME124862	CLM
SAME124865	CLM
SAME124683	CLM
SAME124682	CLM
SAME124944	IBS
SAME124939	IBS
SAME124771	IBS
SAME124774	IBS
SAME123973	CLM
SAME124139	CLM
SAME124136	CLM
SAME122883	CLM
SAME1839059	CLM
SAME124290	CLM
SAME123428	CLM
SAME125321	IBS
SAME125326	IBS
SAME1839873	PUR
SAME1839859	PJL
SAME125227	KHV
SAME123460	IBS
SAME123289	IBS
SAME123292	IBS
SAME124656	IBS
SAME124659	IBS
SAME125191	IBS
SAME124986	IBS
SAME124811	IBS
SAME1839671	IBS
SAME1839312	IBS
SAME124228	CDX
SAME124305	CDX
SAME124566	PEL
SAME124705	PEL
SAME124349	PEL
SAME123845	IBS
SAME123837	IBS
SAME124034	IBS
SAME1839223	IBS
SAME123261	IBS
SAME123266	IBS
SAME124634	IBS
SAME124629	IBS
SAME124921	IBS
SAME123461	IBS
SAME123624	IBS
SAME123629	IBS
SAME1840106	PEL
SAME1840175	ACB
SAME1840235	ACB
SAME123783	PEL
SAME123586	PEL
SAME123593	PEL
SAME124148	PEL
SAME1839768	ACB
SAME123239	PEL
SAME123790	PEL
SAME124533	PEL
SAME124326	PEL
SAME124325	PEL
SAME122849	ACB
SAME122846	ACB
SAME1840357	ACB
SAME124153	PEL
SAME123975	PEL
SAME123556	KHV
SAME125110	KHV
SAME123753	KHV
SAME123198	KHV
SAME123193	KHV
SAME123397	KHV
SAME124304	CDX
SAME124518	CDX
SAME122829	CDX
SAME125259	CDX
SAME123904	GBR
SAME123717	IBS
SAME123659	KHV
SAME124612	KHV
SAME1839616	ACB
SAME124790	CDX
SAME1840279	PEL
SAME1840396	ACB
SAME123451	KHV
SAME123374	KHV
SAME124908	KHV
SAME123106	KHV
SAME124950	KHV
SAME125168	KHV
SAME125335	KHV
SAME1839959	KHV
SAME123773	KHV
SAME1839549	ACB
SAME124162	KHV
SAME123479	KHV
SAME123477	KHV
SAME1839882	KHV
SAME124678	KHV
SAME1840155	PEL
SAME1840206	ACB
SAME124209	CDX
SAME1839347	PEL
SAME1839322	ACB
SAME1839139	PEL
SAME1839117	PEL
SAME1840314	PEL
SAME1839021	ACB
SAME1839164	ACB
SAME1840144	ACB
SAME1840198	ACB
SAME1839991	GWD
SAME1839948	PEL
SAME1839548	PEL
SAME1839525	ACB
SAME1840370	PEL
SAME1840168	ACB
SAME1839661	ACB
SAME1839440	ACB
SAME1839237	ACB
SAME124104	CDX
SAME1839367	IBS
SAME1839420	IBS
SAME1840045	CDX
SAME1840006	CDX
SAME1839776	CDX
SAME123308	CDX
SAME1840290	PJL
SAME1840385	GWD
SAME1840187	GWD
SAME1839431	GWD
SAME1839208	GWD
SAME1839704	PJL
SAME1839281	ACB
SAME1839138	KHV
SAME1839491	GWD
SAME1839358	PJL
SAME1839899	GWD
SAME1839582	GWD
SAME1840165	ACB
SAME1839917	ACB
SAME1839798	ACB
SAME1839870	ACB
SAME1839558	ACB
SAME1839541	PJL
SAME1839600	PJL
SAME1839774	GWD
SAME1840342	PJL
SAME1840084	GWD
SAME1839849	GWD
SAME1839747	GWD
SAME1839727	PJL
SAME1839869	PJL
SAME1839336	GWD
SAME1839125	GWD
SAME1840363	GWD
SAME1839088	PJL
SAME1840142	GWD
SAME1839987	GWD
SAME1840157	GWD
SAME1839267	GWD
SAME1839039	GWD
SAME1839157	PJL
SAME1840280	PJL
SAME1839085	ESN
SAME1839822	GWD
SAME1840130	MSL
SAME1840003	ESN
SAME1840041	ESN
SAME1839019	MSL
SAME1839047	MSL
SAME1840328	MSL
SAME1839507	MSL
SAME1839215	MSL
SAME1839324	MSL
SAME1840256	BEB
SAME1839952	PJL
SAME1839729	GWD
SAME1840241	ESN
SAME1840209	ESN
SAME1840024	ESN
SAME1839893	ESN
SAME1839821	ESN
SAME1839669	ESN
SAME1839699	ESN
SAME1839387	ESN
SAME1839112	ESN
SAME1839524	MSL
SAME1839182	MSL
SAME1840093	ESN
SAME1840194	ESN
SAME1839282	PJL
SAME1839786	MSL
SAME1839908	MSL
SAME1839877	ESN
SAME1840078	ESN
SAME1839736	MSL
SAME1839909	ESN
SAME1839933	ESN
SAME1839460	MSL
SAME1840243	ESN
SAME1840213	MSL
SAME1839911	MSL
SAME1839709	PJL
SAME1839738	PJL
SAME1839855	PJL
SAME1839586	PJL
SAME1839331	PJL
SAME1839055	STU
SAME1840321	STU
SAME1840335	STU
SAME1839678	MSL
SAME1839393	MSL
SAME1839264	PJL
SAME1840131	ESN
SAME1840372	STU
SAME1840145	STU
SAME1839878	MSL
SAME1839654	MSL
SAME1839245	MSL
SAME1839293	BEB
SAME1839633	STU
SAME1840215	BEB
SAME1839608	BEB
SAME1839411	BEB
SAME1839297	STU
SAME1839170	STU
SAME1840294	STU
SAME1839758	PJL
SAME1839807	ITU
SAME1839834	ITU
SAME1839265	STU
SAME1839080	STU
SAME1840170	ITU
SAME1840104	ITU
SAME1840200	ITU
SAME1840388	ITU
SAME1840413	ITU
SAME1840119	ITU
SAME1839449	BEB
SAME1839465	BEB
SAME1839356	BEB
SAME1839562	ITU
SAME1840224	ITU
SAME1839522	BEB
SAME1839205	BEB
SAME1839844	ITU
SAME1839572	ITU
SAME1839622	ITU
SAME1839466	STU
SAME1839746	ITU
SAME1839532	STU
SAME1839640	STU
SAME1839769	ITU
SAME1840252	STU
SAME1839945	ITU
SAME1840063	ITU
SAME1839103	BEB
SAME1840318	BEB
SAME1839499	STU
SAME1840353	BEB
SAME1840039	STU
SAME1839864	STU
SAME1839888	STU
SAME1840358	ITU
SAME1839927	ITU
SAME124763	CEU
SAME124760	CEU
SAME124936	CEU
SAME125162	CEU
SAME125152	CEU
SAME124932	CEU
SAME125131	CEU
SAME125128	CEU
SAME124554	CEU
SAME1839303	BEB
SAME1839178	BEB
SAME1839783	BEB
SAME1839452	ITU
SAME1839321	ITU
SAME1839339	ITU
SAME1840263	ITU
SAME1839108	BEB
SAME1840299	BEB
SAME1840400	BEB
SAME124551	CEU
SAME124758	CEU
SAME1839992	BEB
SAME124187	CEU
SAME123567	CEU
SAME123388	CEU
SAME123392	CEU
SAME123181	CEU
SAME124101	YRI
SAME125098	CEU
SAME123968	CEU
SAME125145	CEU
SAME123212	CEU
SAME123414	CEU
SAME125252	CEU
SAME125076	CEU
SAME125289	CEU
SAME123542	CEU
SAME124157	CEU
SAME124003	CEU
SAME123999	CEU
SAME123231	CEU
SAME124097	CEU
SAME125155	CEU
SAME125316	CEU
SAME123210	CEU
SAME123043	CEU
SAME122834	CEU
SAME123881	CEU
SAME124078	CEU
SAME123529	CEU
SAME124102	YRI
SAME125061	YRI
SAME125066	YRI
SAME124647	CEU
SAME124465	CEU
SAME124885	YRI
SAME124884	YRI
SAME124670	YRI
SAME124661	CHB
SAME123910	CHB
SAME124989	CHB
SAME124732	YRI
SAME124737	YRI
SAME125033	CHB
SAME124506	CHB
SAME124501	CHB
SAME124056	CHB
SAME124903	YRI
SAME124909	YRI
SAME125102	YRI
SAME123232	CHB
SAME124877	CHB
SAME125036	CHB
SAME124264	CHB
SAME124093	CHB
SAME123926	CHB
SAME123923	CHB
SAME123738	CHB
SAME123721	CHB
SAME124484	CHB
SAME124487	CHB
SAME124267	CHB
SAME124320	CHB
SAME122981	CHB
SAME122974	CHB
SAME123036	YRI
SAME123041	JPT
SAME124311	JPT
SAME125103	YRI
SAME123560	YRI
SAME123402	YRI
SAME123405	YRI
SAME125071	JPT
SAME125079	JPT
SAME124892	JPT
SAME123961	JPT
SAME123762	JPT
SAME123765	JPT
SAME124312	JPT
SAME124113	JPT
SAME123956	JPT
SAME124668	LWK
SAME125025	JPT
SAME123010	JPT
SAME122819	JPT
SAME124479	JPT
SAME124476	JPT
SAME124000	LWK
SAME124849	LWK
SAME124420	YRI
SAME124417	YRI
SAME123859	YRI
SAME123869	YRI
SAME124042	YRI
SAME124607	YRI
SAME125080	YRI
SAME123019	YRI
SAME123758	YRI
SAME124043	YRI
SAME122985	YRI
SAME122994	YRI
SAME125382	YRI
SAME123371	JPT
SAME123360	JPT
SAME123175	JPT
SAME123170	YRI
SAME125223	YRI
SAME125002	YRI
SAME123691	YRI
SAME124330	YRI
SAME125378	YRI
SAME123857	YRI
SAME123312	LWK
SAME123472	LWK
SAME123250	LWK
SAME123494	YRI
SAME123315	LWK
SAME125014	YRI
SAME125017	YRI
SAME125237	YRI
SAME123132	MXL
SAME122958	MXL
SAME122956	MXL
SAME122793	MXL
SAME124275	LWK
SAME124496	LWK
SAME124497	LWK
SAME123634	LWK
SAME124695	MXL
SAME124702	MXL
SAME124869	MXL
SAME124874	MXL
SAME124236	ASW
SAME124446	ASW
SAME124450	MXL
SAME123118	LWK
SAME123121	LWK
SAME123125	MXL
SAME122853	LWK
SAME124077	LWK
SAME125115	LWK
SAME125092	LWK
SAME122946	LWK
SAME125415	LWK
SAME125410	LWK
SAME123297	LWK
SAME123299	LWK
SAME123855	LWK
SAME123851	LWK
SAME122947	LWK
SAME122789	MXL
SAME122941	MXL
SAME124776	ASW
SAME124381	ASW
SAME123601	ASW
SAME125304	ASW
SAME124060	MXL
SAME123147	MXL
SAME123150	MXL
SAME123327	MXL
SAME123707	MXL
SAME123894	MXL
SAME123899	MXL
SAME124067	MXL
SAME124432	ASW
SAME125275	ASW
SAME124713	ASW
SAME124293	ASW
SAME125031	ASW
SAME125049	ASW
SAME122886	ASW
SAME124583	ASW
SAME124580	ASW
SAME123803	ASW
SAME123996	ASW
SAME124199	ASW
SAME124400	ASW
SAME123504	MXL
SAME123501	MXL
SAME124403	ASW
SAME124599	ASW
SAME125188	TSI
SAME125183	TSI
SAME123075	TSI
SAME123070	TSI
SAME123430	GIH
SAME124784	ASW
SAME124360	TSI
SAME124354	TSI
SAME124175	TSI
SAME124365	TSI
SAME124372	TSI
SAME124576	TSI
SAME124012	TSI
SAME124169	TSI
SAME124166	TSI
SAME123822	TSI
SAME125366	TSI
SAME125363	TSI
SAME125150	TSI
SAME122861	TSI
SAME124563	TSI
SAME124556	TSI
SAME124573	TSI
SAME123609	TSI
SAME123244	GIH
SAME123944	GIH
SAME124030	GIH
SAME124027	GIH
SAME123830	GIH
SAME125205	GIH
SAME122921	GIH
SAME123777	GIH
SAME123100	GIH
SAME123143	GIH
SAME123801	GIH
SAME123600	GIH
SAME123599	GIH
SAME123883	GIH
SAME125258	GIH
SAME123671	GIH
SAME123666	GIH
SAME124442	GIH
SAME124180	GIH
SAME124183	GIH
SAME123320	GIH
SAME123318	GIH
SAME124439	GIH
SAME123267	GBR
SAME125154	GBR
SAME124965	FIN
SAME123644	FIN
SAME123647	FIN
SAME124128	GBR
SAME122870	GBR
SAME122867	GBR
SAME123064	GBR
SAME124124	GBR
SAME123217	GBR
SAME123227	GBR
SAME123053	GBR
SAME123065	GBR
SAME124393	GBR
SAME124388	GBR
SAME124591	GBR
SAME123574	FIN
SAME123418	FIN
SAME123421	FIN
SAME122833	FIN
SAME124588	GBR
SAME124958	FIN
SAME123949	GBR
SAME125341	GBR
SAME125346	GBR
SAME123048	GBR
SAME123581	GBR
SAME124334	FIN
SAME124248	CHS
SAME124455	CHS
SAME125048	CHS
SAME123528	CHS
SAME124832	CHS
SAME124356	CHS
SAME124348	CHS
SAME124352	CHS
SAME123969	PUR
SAME123880	CHS
SAME123113	CHS
SAME125278	CHS
SAME123498	CHS
SAME123339	CHS
SAME123032	FIN
SAME123160	CHS
SAME123155	CHS
SAME1839734	CHS
SAME122809	CHS
SAME122806	CHS
SAME124543	FIN
SAME124534	FIN
SAME124747	FIN
SAME124751	FIN
SAME123990	FIN
SAME124919	FIN
SAME125124	FIN
SAME123796	FIN
SAME123792	FIN
SAME123340	CHS
SAME122931	CHS
SAME122930	CHS
SAME123114	CHS
SAME125396	PUR
SAME1840080	CHS
SAME123683	CHS
SAME123693	CHS
SAME124722	CHS
SAME125011	CHS
SAME125008	CHS
SAME123086	CHS
SAME1839060	CHS
SAME123711	CHS
SAME123254	CHS
SAME123257	CHS
SAME123812	CHS
SAME123368	PUR
SAME1839759	PUR
SAME122825	PUR
SAME125416	PUR
SAME123547	CDX
SAME123009	PUR
SAME125397	PUR
SAME125197	CHS
SAME125064	PUR
SAME125067	PUR
SAME125285	CLM
SAME125280	CLM
SAME124321	PUR
SAME124878	PUR
SAME123651	PUR
SAME124297	PUR
SAME1839361	PUR
SAME122926	PUR
SAME123679	PUR
SAME124857	CLM
SAME124864	CLM
SAME124684	CLM
SAME124679	CLM
SAME122814	CLM
SAME124046	CLM
SAME123003	CLM
SAME1839113	CLM
SAME123103	PUR
SAME123487	PUR
SAME1840203	CLM
SAME123887	CLM
SAME123876	CLM
SAME124423	CLM
SAME1840020	PUR
SAME1839791	PUR
SAME124625	PUR
SAME124620	PUR
SAME125141	IBS
SAME124007	CLM
SAME124346	PEL
SAME1839895	PJL
SAME124135	CLM
SAME124143	CLM
SAME124943	IBS
SAME1839612	PUR
SAME1839256	CLM
SAME124966	CLM
SAME124283	CLM
SAME1840222	PUR
SAME1839950	PUR
SAME1839026	CLM
SAME123427	CLM
SAME123537	CLM
SAME124765	IBS
SAME125324	IBS
SAME125325	IBS
SAME1839066	CLM
SAME125266	CLM
SAME124291	CLM
SAME124948	IBS
SAME124775	IBS
SAME1840382	CLM
SAME123229	IBS
SAME123083	IBS
SAME125181	IBS
SAME124810	IBS
SAME1839673	IBS
SAME123569	KHV
SAME123453	IBS
SAME123462	IBS
SAME123623	IBS
SAME123628	IBS
SAME123846	IBS
SAME1839313	IBS
SAME124219	CDX
SAME124306	CDX
SAME123288	IBS
SAME123285	IBS
SAME124660	IBS
SAME124635	IBS
SAME124630	IBS
SAME124428	IBS
SAME124715	IBS
SAME123265	IBS
SAME124301	CDX
SAME124517	CDX
SAME124522	CDX
SAME123841	IBS
SAME123199	KHV
SAME123194	KHV
SAME123396	KHV
SAME1839037	ACB
SAME124152	PEL
SAME124145	PEL
SAME123976	PEL
SAME123978	ACB
SAME1839193	ACB
SAME122847	ACB
SAME123027	PEL
SAME124532	PEL
SAME124327	PEL
SAME124322	PEL
SAME124383	PEL
SAME123240	PEL
SAME123789	PEL
SAME123786	PEL
SAME123587	PEL
SAME123590	PEL
SAME1840403	ACB
SAME123445	KHV
SAME1840111	PEL
SAME1840089	ACB
SAME123553	KHV
SAME123548	KHV
SAME123752	KHV
SAME123749	KHV
SAME125035	CDX
SAME125038	CDX
SAME1839813	IBS
SAME123716	IBS
SAME1839862	KHV
SAME1839624	ACB
SAME1839403	CDX
SAME1839388	KHV
SAME123107	KHV
SAME123098	KHV
SAME124826	KHV
SAME125182	KHV
SAME124021	KHV
SAME1839964	KHV
SAME123772	KHV
SAME1839555	KHV
SAME1839531	ACB
SAME124675	KHV
SAME123875	PEL
SAME124044	KHV
SAME123480	KHV
SAME1839889	KHV
SAME1839370	IBS
SAME1839423	IBS
SAME1839481	IBS
SAME124793	CDX
SAME1839801	ACB
SAME1839876	ACB
SAME1839564	ACB
SAME124278	PEL
SAME1839529	ACB
SAME1839666	ACB
SAME1839354	PEL
SAME1839326	ACB
SAME1840319	PEL
SAME1839027	ACB
SAME1840352	ACB
SAME1839993	GWD
SAME1840276	CDX
SAME1840391	CDX
SAME1840258	CDX
SAME1840228	CDX
SAME1840011	CDX
SAME1840085	CDX
SAME1839784	CDX
SAME1840173	ACB
SAME1839444	ACB
SAME1839307	ACB
SAME1839288	ACB
SAME125357	CDX
SAME1839457	CDX
SAME1839610	PJL
SAME1839682	ACB
SAME1839351	ACB
SAME1839146	KHV
SAME1839495	GWD
SAME1839300	PJL
SAME1839270	PJL
SAME1840293	PJL
SAME1840390	GWD
SAME1840191	GWD
SAME1839544	PJL
SAME1839607	PJL
SAME1839065	PJL
SAME1839129	PJL
SAME1840149	GWD
SAME1840172	ACB
SAME1840070	ACB
SAME1839852	PJL
SAME1839832	GWD
SAME1839652	GWD
SAME1839414	GWD
SAME1839451	GWD
SAME1839231	GWD
SAME1839045	GWD
SAME1840161	GWD
SAME1839938	GWD
SAME1839916	GWD
SAME1839436	ESN
SAME1839749	GWD
SAME1839732	PJL
SAME1839874	PJL
SAME1839162	PJL
SAME1840345	PJL
SAME1839413	GWD
SAME1839061	ESN
SAME1840069	GWD
SAME1839854	GWD
SAME1840246	ESN
SAME1839132	GWD
SAME1839725	GWD
SAME1839593	GWD
SAME1839639	GWD
SAME1840360	MSL
SAME1840126	MSL
SAME1839765	ESN
SAME1839884	ESN
SAME1839365	ESN
SAME1839385	ESN
SAME1839092	ESN
SAME1839399	MSL
SAME1839455	MSL
SAME1839940	PJL
SAME1839795	PJL
SAME1839442	MSL
SAME1839211	MSL
SAME1839127	ESN
SAME1839663	ESN
SAME1839016	MSL
SAME1839044	MSL
SAME1840324	MSL
SAME1839234	PJL
SAME1840046	MSL
SAME1839781	MSL
SAME1839827	MSL
SAME1839850	MSL
SAME1839130	MSL
SAME1840110	MSL
SAME1839996	MSL
SAME1840088	ESN
SAME1839972	ESN
SAME1839580	MSL
SAME1839648	MSL
SAME1839903	ESN
SAME1839472	ESN
SAME1839702	MSL
SAME1839486	PJL
SAME1839957	ESN
SAME1839800	ESN
SAME1839213	ESN
SAME1840231	ESN
SAME1840014	GWD
SAME1839561	MSL
SAME1839430	MSL
SAME1839463	MSL
SAME1839242	MSL
SAME1839290	MSL
SAME1839311	BEB
SAME1839259	PJL
SAME1840154	ESN
SAME1840371	STU
SAME1840137	STU
SAME1839030	STU
SAME1840311	STU
SAME1840333	STU
SAME1839627	STU
SAME1840051	PJL
SAME1839831	ITU
SAME1840236	BEB
SAME1839929	BEB
SAME1839955	BEB
SAME1839261	STU
SAME1839309	STU
SAME1839074	STU
SAME1839119	PJL
SAME1839999	ITU
SAME1840028	STU
SAME1839885	STU
SAME1839814	STU
SAME1839141	PJL
SAME1840408	ITU
SAME1840351	ITU
SAME1840117	ITU
SAME1839291	STU
SAME1839166	STU
SAME1839190	STU
SAME1840272	STU
SAME1840291	STU
SAME1840218	ITU
SAME1839915	BEB
SAME1840162	ITU
SAME1840097	ITU
SAME1840196	ITU
SAME1839965	ITU
SAME1839701	ITU
SAME1839372	ITU
SAME1839389	STU
SAME1839353	BEB
SAME1839155	ITU
SAME1840411	ITU
SAME1840359	STU
SAME1839953	ITU
SAME1840065	STU
SAME1839660	STU
SAME1839173	BEB
SAME1839739	ITU
SAME1839637	STU
SAME1839395	STU
SAME1839752	ITU
SAME1839484	BEB
SAME1839517	BEB
SAME1839224	BEB
SAME1839787	STU
SAME1839565	ITU
SAME1839685	ITU
SAME1839614	ITU
SAME1840346	BEB
SAME1840369	STU
SAME1839329	BEB
SAME1839033	BEB
SAME1839500	STU
SAME1839102	ITU
SAME1840082	ITU
SAME1839718	ITU
SAME125140	CEU
SAME123209	CEU
SAME123044	CEU
SAME123135	CEU
SAME124901	CEU
SAME125320	CEU
SAME125332	CEU
SAME125129	CEU
SAME124761	CEU
SAME124552	CEU
SAME122862	CEU
SAME124378	CEU
SAME124375	CEU
SAME123572	CEU
SAME1839225	STU
SAME1839040	ITU
SAME1839056	STU
SAME1840281	ITU
SAME1840102	BEB
SAME1839968	BEB
SAME1839986	BEB
SAME1840044	BEB
SAME1839771	BEB
SAME1839823	BEB
SAME124550	CEU
SAME124756	CEU
SAME124759	CEU
SAME1840300	BEB
SAME123994	CEU
SAME123190	CEU
SAME123387	CEU
SAME123391	CEU
SAME123951	CEU
SAME124117	CEU
SAME125097	CEU
SAME123967	CEU
SAME125143	CEU
SAME123214	CEU
SAME124886	YRI
SAME124881	YRI
SAME124669	YRI
SAME124674	CHB
SAME124156	CEU
SAME124952	CEU
SAME123087	CEU
SAME124822	CEU
SAME123518	CEU
SAME124256	CEU
SAME124103	YRI
SAME125056	YRI
SAME124318	YRI
SAME123022	CEU
SAME125077	CEU
SAME124639	CEU
SAME125158	CEU
SAME125360	CEU
SAME124080	CEU
SAME124907	YRI
SAME124910	YRI
SAME125101	YRI
SAME123718	CHB
SAME124867	CHB
SAME123225	CHB
SAME125032	CHB
SAME124088	CHB
SAME124094	CHB
SAME123925	CHB
SAME123922	CHB
SAME123545	YRI
SAME123563	YRI
SAME123406	YRI
SAME124507	CHB
SAME124502	CHB
SAME124895	CHB
SAME123661	CHB
SAME122982	CHB
SAME122977	CHB
SAME123739	CHB
SAME123734	CHB
SAME123719	CHB
SAME123909	CHB
SAME124736	YRI
SAME124488	CHB
SAME124475	CHB
SAME124270	CHB
SAME124263	CHB
SAME123037	YRI
SAME124310	JPT
SAME124315	JPT
SAME124665	LWK
SAME125244	LWK
SAME125026	JPT
SAME123006	JPT
SAME123960	JPT
SAME123954	JPT
SAME123763	JPT
SAME123766	JPT
SAME123012	JPT
SAME122820	JPT
SAME122816	JPT
SAME123370	JPT
SAME123367	JPT
SAME123171	YRI
SAME125074	JPT
SAME125078	JPT
SAME124893	JPT
SAME124896	JPT
SAME124478	JPT
SAME125119	JPT
SAME124114	JPT
SAME124109	JPT
SAME124855	LWK
SAME124852	LWK
SAME125385	YRI
SAME124147	YRI
SAME125081	YRI
SAME125240	YRI
SAME125112	YRI
SAME123393	YRI
SAME122953	YRI
SAME122944	YRI
SAME125015	YRI
SAME125236	YRI
SAME124608	YRI
SAME124419	YRI
SAME124416	YRI
SAME124041	YRI
SAME125310	YRI
SAME122988	YRI
SAME122993	YRI
SAME125383	YRI
SAME125093	LWK
SAME124706	LWK
SAME125091	LWK
SAME124276	LWK
SAME125045	YRI
SAME124984	LWK
SAME123452	LWK
SAME123311	LWK
SAME123471	LWK
SAME123463	LWK
SAME124340	LWK
SAME123372	YRI
SAME123017	YRI
SAME124037	LWK
SAME123853	LWK
SAME123852	LWK
SAME122954	LWK
SAME123129	MXL
SAME122955	MXL
SAME123903	MXL
SAME122794	MXL
SAME124718	MXL
SAME123502	MXL
SAME123701	MXL
SAME124696	MXL
SAME123639	MXL
SAME124873	MXL
SAME123122	LWK
SAME124978	MXL
SAME124271	LWK
SAME124492	LWK
SAME122945	LWK
SAME125411	LWK
SAME123296	LWK
SAME123295	LWK
SAME122790	MXL
SAME122936	MXL
SAME124230	ASW
SAME124229	ASW
SAME124787	ASW
SAME123988	ASW
SAME124357	TSI
SAME124355	TSI
SAME123330	MXL
SAME125246	ASW
SAME125029	ASW
SAME125050	ASW
SAME124404	ASW
SAME124406	ASW
SAME124596	ASW
SAME124598	ASW
SAME123706	MXL
SAME123895	MXL
SAME124066	MXL
SAME124063	MXL
SAME122887	ASW
SAME123615	ASW
SAME123616	ASW
SAME124584	ASW
SAME123802	ASW
SAME123997	ASW
SAME124198	ASW
SAME124195	ASW
SAME124382	ASW
SAME123602	ASW
SAME123811	ASW
SAME125272	ASW
SAME124714	ASW
SAME123151	MXL
SAME123152	MXL
SAME123800	GIH
SAME122839	GIH
SAME123596	GIH
SAME123882	GIH
SAME124013	TSI
SAME124165	TSI
SAME124164	TSI
SAME123821	TSI
SAME125365	TSI
SAME125362	TSI
SAME125189	TSI
SAME125184	TSI
SAME122894	TSI
SAME124562	TSI
SAME124559	TSI
SAME124017	TSI
SAME123433	GIH
SAME123245	GIH
SAME123247	GIH
SAME123805	GIH
SAME125147	TSI
SAME122865	TSI
SAME124572	TSI
SAME123610	TSI
SAME124174	TSI
SAME124744	TSI
SAME124369	TSI
SAME123140	GIH
SAME122922	GIH
SAME122917	GIH
SAME123138	GIH
SAME124435	GIH
SAME124184	GIH
SAME123584	GIH
SAME123317	GIH
SAME123325	GIH
SAME124438	GIH
SAME123163	GIH
SAME124026	GIH
SAME123831	GIH
SAME123879	GIH
SAME123667	GIH
